Date,Open,High,Low,Close,Negativity,Positivity
1/2/2020,,,,,7.6,9.4
1/3/2020,,,,,15.9,13.1
1/4/2020,,,,,6.8,5.2
1/5/2020,,,,,4.7,4.4
1/6/2020,,,,,13.1,12.0
1/7/2020,,,,,14.5,15.2
1/8/2020,,,,,11.9,12.1
1/9/2020,,,,,14.6,10.7
1/10/2020,,,,,13.3,14.0
1/11/2020,,,,,8.8,6.4
1/12/2020,,,,,3.7,6.2
1/13/2020,,,,,10.9,13.5
1/14/2020,,,,,9.9,14.2
1/15/2020,,,,,11.5,14.8
1/16/2020,,,,,13.2,15.2
1/17/2020,,,,,14.0,13.2
1/18/2020,,,,,5.6,5.4
1/19/2020,,,,,4.2,6.6
1/20/2020,,,,,9.5,7.8
1/21/2020,,,,,13.5,14.0
1/22/2020,,,,,11.7,14.6
1/23/2020,,,,,15.5,16.2
1/24/2020,,,,,10.5,13.5
1/25/2020,,,,,7.2,6.4
1/26/2020,,,,,6.1,7.3
1/27/2020,,,,,12.9,13.9
1/28/2020,,,,,13.0,14.3
1/29/2020,,,,,9.1,13.6
1/30/2020,,,,,15.2,14.5
1/31/2020,,,,,14.9,15.8
2/1/2020,,,,,7.0,7.1
2/2/2020,,,,,4.8,5.0
2/3/2020,,,,,11.0,11.9
2/4/2020,,,,,12.4,15.6
2/5/2020,,,,,11.1,13.3
2/6/2020,,,,,15.0,16.1
2/7/2020,,,,,18.8,20.6
2/8/2020,,,,,6.3,4.6
2/9/2020,,,,,5.0,6.3
2/10/2020,,,,,8.7,11.6
2/11/2020,,,,,16.8,17.9
2/12/2020,,,,,10.9,17.5
2/13/2020,,,,,14.3,18.4
2/14/2020,,,,,13.9,14.7
2/15/2020,,,,,5.6,4.7
2/16/2020,,,,,2.7,4.2
2/17/2020,,,,,8.0,7.3
2/18/2020,,,,,10.0,11.7
2/19/2020,,,,,11.2,10.5
2/20/2020,,,,,13.2,19.7
2/21/2020,,,,,13.9,15.1
2/22/2020,,,,,4.0,6.0
2/23/2020,,,,,4.8,5.1
2/24/2020,,,,,10.2,11.6
2/25/2020,,,,,13.2,16.1
2/26/2020,,,,,14.7,13.9
2/27/2020,,,,,14.7,16.4
2/28/2020,,,,,13.5,12.9
2/29/2020,,,,,8.5,7.4
3/1/2020,,,,,6.6,5.5
3/2/2020,,,,,10.5,13.4
3/3/2020,,,,,9.5,15.8
3/4/2020,,,,,11.6,17.0
3/5/2020,,,,,15.0,19.4
3/6/2020,,,,,12.1,14.0
3/7/2020,,,,,7.4,4.2
3/8/2020,,,,,3.8,6.7
3/9/2020,,,,,12.5,9.6
3/10/2020,,,,,12.7,13.1
3/11/2020,,,,,12.7,14.3
3/12/2020,,,,,18.5,19.3
3/13/2020,,,,,15.0,16.9
3/14/2020,,,,,8.2,8.2
3/15/2020,,,,,5.5,8.9
3/16/2020,,,,,11.6,12.4
3/17/2020,,,,,15.9,16.7
3/18/2020,,,,,11.5,15.2
3/19/2020,,,,,14.4,15.9
3/20/2020,,,,,16.9,15.6
3/21/2020,,,,,5.3,6.3
3/22/2020,,,,,5.6,6.5
3/23/2020,,,,,13.7,12.3
3/24/2020,,,,,13.8,17.2
3/25/2020,,,,,13.2,16.9
3/26/2020,,,,,15.7,14.3
3/27/2020,,,,,15.5,16.5
3/28/2020,,,,,8.8,6.4
3/29/2020,,,,,7.2,4.0
3/30/2020,,,,,9.1,9.1
3/31/2020,,,,,11.3,12.8
4/1/2020,,,,,12.7,17.0
4/2/2020,38.4,38.5,38.4,38.4,15.7,15.3
4/3/2020,119.2,119.3,119.1,119.2,15.7,15.5
4/4/2020,,,,,8.3,6.3
4/5/2020,,,,,7.0,6.0
4/6/2020,129.7,129.8,129.6,129.7,12.0,11.7
4/7/2020,144.3,144.5,144.2,144.3,12.5,15.8
4/8/2020,138.1,138.2,138.0,138.1,15.7,15.5
4/9/2020,137.5,137.6,137.4,137.5,13.4,16.5
4/10/2020,,,,,13.8,14.7
4/11/2020,,,,,7.8,7.1
4/12/2020,,,,,6.1,6.1
4/13/2020,135.7,135.8,135.6,135.7,14.1,14.5
4/14/2020,136.4,136.5,136.3,136.4,12.0,14.8
4/15/2020,133.3,133.4,133.2,133.3,12.8,18.4
4/16/2020,131.8,131.8,131.7,131.8,21.1,21.7
4/17/2020,132.6,132.7,132.5,132.6,22.7,33.2
4/18/2020,,,,,10.5,16.3
4/19/2020,,,,,7.2,5.6
4/20/2020,128.5,128.6,128.4,128.5,10.9,12.0
4/21/2020,123.8,123.8,123.7,123.8,12.3,16.9
4/22/2020,131.9,132.0,131.8,131.9,14.3,15.5
4/23/2020,135.1,135.2,135.0,135.1,11.4,14.3
4/24/2020,133.8,133.9,133.8,133.9,11.8,16.7
4/25/2020,,,,,5.6,5.6
4/26/2020,,,,,5.5,4.9
4/27/2020,137.6,137.7,137.6,137.6,9.1,10.5
4/28/2020,136.4,136.5,136.3,136.4,13.6,13.5
4/29/2020,149.2,149.3,149.1,149.2,12.2,14.7
4/30/2020,143.6,143.7,143.5,143.6,12.7,17.6
5/1/2020,137.4,137.5,137.3,137.4,11.6,14.7
5/2/2020,,,,,5.7,5.8
5/3/2020,,,,,4.7,4.4
5/4/2020,135.7,135.7,135.6,135.7,9.6,11.5
5/5/2020,136.5,136.6,136.5,136.5,11.4,12.9
5/6/2020,137.7,137.8,137.6,137.7,10.7,13.5
5/7/2020,143.5,143.6,143.4,143.5,15.5,16.2
5/8/2020,145.7,145.7,145.6,145.7,15.1,14.4
5/9/2020,,,,,5.9,5.7
5/10/2020,,,,,6.8,6.2
5/11/2020,137.2,137.2,137.1,137.2,11.2,10.4
5/12/2020,135.2,135.3,135.1,135.2,13.9,14.3
5/13/2020,136.4,136.5,136.3,136.4,11.2,11.6
5/14/2020,133.7,133.8,133.6,133.7,13.0,14.7
5/15/2020,137.7,137.8,137.6,137.7,16.0,16.5
5/16/2020,,,,,6.9,5.6
5/17/2020,,,,,4.7,4.3
5/18/2020,141.9,141.9,141.8,141.9,10.9,14.4
5/19/2020,145.5,145.5,145.4,145.5,12.0,12.3
5/20/2020,149.5,149.6,149.5,149.5,13.9,14.7
5/21/2020,152.7,152.7,152.6,152.7,13.4,14.5
5/22/2020,152.1,152.1,152.0,152.1,12.7,16.0
5/23/2020,,,,,5.7,6.9
5/24/2020,,,,,3.1,4.9
5/25/2020,,,,,6.5,7.4
5/26/2020,155.5,155.6,155.4,155.5,9.0,12.8
5/27/2020,140.0,140.1,139.9,140.0,13.1,14.8
5/28/2020,147.2,147.3,147.1,147.2,13.7,12.6
5/29/2020,144.5,144.6,144.4,144.5,14.3,15.9
5/30/2020,,,,,10.3,4.5
5/31/2020,,,,,9.8,5.1
6/1/2020,152.4,152.4,152.3,152.4,17.7,9.7
6/2/2020,151.9,151.9,151.8,151.9,12.6,11.6
6/3/2020,147.4,147.4,147.3,147.4,14.1,13.4
6/4/2020,148.5,148.5,148.4,148.5,19.0,13.0
6/5/2020,156.5,156.6,156.4,156.5,13.8,11.6
6/6/2020,,,,,8.4,5.8
6/7/2020,,,,,6.6,4.7
6/8/2020,149.4,149.5,149.4,149.4,10.6,9.0
6/9/2020,156.3,156.4,156.3,156.3,14.0,11.2
6/10/2020,151.7,151.8,151.6,151.7,13.5,12.8
6/11/2020,135.8,135.9,135.7,135.8,14.3,16.1
6/12/2020,142.4,142.5,142.3,142.4,14.6,13.4
6/13/2020,,,,,6.9,6.5
6/14/2020,,,,,5.0,4.3
6/15/2020,142.3,142.4,142.3,142.4,11.7,9.3
6/16/2020,154.1,154.2,154.0,154.1,13.0,11.4
6/17/2020,154.5,154.6,154.4,154.5,14.6,17.6
6/18/2020,157.0,157.1,157.0,157.0,13.9,16.4
6/19/2020,157.5,157.6,157.4,157.5,14.0,14.0
6/20/2020,,,,,7.6,6.7
6/21/2020,,,,,7.6,3.6
6/22/2020,161.2,161.3,161.1,161.2,8.3,10.8
6/23/2020,156.0,156.1,155.9,156.0,15.6,11.6
6/24/2020,158.3,158.4,158.2,158.3,14.6,10.3
6/25/2020,143.4,143.4,143.3,143.4,12.8,12.9
6/26/2020,144.4,144.5,144.3,144.4,13.5,14.4
6/27/2020,,,,,5.2,8.5
6/28/2020,,,,,5.6,4.0
6/29/2020,146.4,146.5,146.4,146.5,13.1,12.4
6/30/2020,156.9,157.0,156.9,156.9,10.9,14.3
7/1/2020,156.8,156.8,156.7,156.7,13.3,15.4
7/2/2020,157.7,157.8,157.7,157.7,12.8,16.3
7/3/2020,,,,,7.7,9.4
7/4/2020,,,,,4.6,3.3
7/5/2020,,,,,2.2,2.9
7/6/2020,156.3,156.4,156.3,156.3,8.0,10.0
7/7/2020,163.1,163.2,163.1,163.1,11.4,13.7
7/8/2020,156.8,156.9,156.8,156.8,12.5,12.2
7/9/2020,154.5,154.6,154.4,154.5,11.1,12.1
7/10/2020,150.2,150.3,150.1,150.2,11.1,16.4
7/11/2020,,,,,6.2,7.3
7/12/2020,,,,,3.8,4.0
7/13/2020,143.1,143.1,143.0,143.1,11.2,8.5
7/14/2020,140.6,140.7,140.5,140.6,10.6,12.5
7/15/2020,157.3,157.4,157.2,157.3,9.7,10.7
7/16/2020,159.0,159.0,158.9,159.0,12.6,12.4
7/17/2020,158.2,158.2,158.1,158.2,13.9,12.9
7/18/2020,,,,,6.9,6.6
7/19/2020,,,,,5.9,3.1
7/20/2020,159.3,159.4,159.2,159.3,8.7,7.5
7/21/2020,159.4,159.5,159.4,159.4,14.3,13.9
7/22/2020,167.1,167.1,167.0,167.1,15.7,12.3
7/23/2020,168.1,168.2,168.0,168.1,12.9,16.6
7/24/2020,163.3,163.4,163.2,163.3,11.2,14.2
7/25/2020,,,,,5.7,6.6
7/26/2020,,,,,4.9,4.3
7/27/2020,165.9,166.0,165.9,165.9,8.8,9.2
7/28/2020,171.3,171.3,171.2,171.3,13.7,13.1
7/29/2020,165.7,165.8,165.6,165.7,10.7,11.7
7/30/2020,160.1,160.2,160.1,160.1,14.6,11.5
7/31/2020,152.2,152.3,152.2,152.2,12.0,14.6
8/1/2020,,,,,4.3,5.3
8/2/2020,,,,,5.3,5.1
8/3/2020,165.2,165.3,165.2,165.2,8.6,9.9
8/4/2020,166.5,166.6,166.4,166.5,10.9,11.4
8/5/2020,168.4,168.5,168.3,168.4,11.5,12.4
8/6/2020,176.3,176.3,176.2,176.3,13.1,11.5
8/7/2020,168.5,168.5,168.4,168.5,9.2,14.8
8/8/2020,,,,,6.2,6.4
8/9/2020,,,,,3.2,5.6
8/10/2020,168.4,168.4,168.3,168.4,11.0,9.1
8/11/2020,165.2,165.3,165.1,165.2,9.3,11.5
8/12/2020,171.9,172.0,171.8,171.9,10.9,8.6
8/13/2020,174.0,174.1,174.0,174.0,11.6,10.7
8/14/2020,168.1,168.2,168.1,168.1,12.6,12.4
8/15/2020,,,,,5.2,5.6
8/16/2020,,,,,4.2,3.3
8/17/2020,171.3,171.3,171.2,171.3,8.6,8.6
8/18/2020,171.4,171.5,171.4,171.4,12.1,13.5
8/19/2020,170.2,170.2,170.1,170.2,10.5,13.3
8/20/2020,169.3,169.4,169.3,169.3,14.9,14.4
8/21/2020,173.4,173.4,173.3,173.4,12.3,16.4
8/22/2020,,,,,4.6,3.2
8/23/2020,,,,,6.0,5.2
8/24/2020,172.9,173.0,172.9,172.9,8.5,10.0
8/25/2020,176.2,176.3,176.2,176.2,9.4,14.1
8/26/2020,183.1,183.2,183.1,183.1,11.1,13.1
8/27/2020,183.8,183.9,183.7,183.8,10.7,13.3
8/28/2020,189.8,189.9,189.7,189.8,11.2,16.4
8/29/2020,,,,,6.0,5.9
8/30/2020,,,,,5.5,3.2
8/31/2020,185.9,185.9,185.8,185.9,9.6,8.5
9/1/2020,186.0,186.0,185.9,186.0,13.3,10.9
9/2/2020,186.4,186.4,186.3,186.4,12.8,12.9
9/3/2020,175.0,175.2,174.9,175.0,12.2,11.4
9/4/2020,173.6,173.7,173.4,173.6,13.5,11.2
9/5/2020,,,,,5.1,6.8
9/6/2020,,,,,4.4,5.3
9/7/2020,,,,,6.7,6.2
9/8/2020,169.6,169.7,169.4,169.5,12.0,10.5
9/9/2020,178.3,178.4,178.2,178.3,10.4,12.5
9/10/2020,173.8,173.9,173.7,173.8,15.7,11.4
9/11/2020,174.6,174.7,174.5,174.6,13.2,14.3
9/12/2020,,,,,6.0,6.7
9/13/2020,,,,,5.8,4.4
9/14/2020,157.6,157.7,157.6,157.6,11.0,10.9
9/15/2020,145.5,145.6,145.5,145.5,13.5,13.2
9/16/2020,157.3,157.4,157.2,157.3,12.0,11.4
9/17/2020,163.0,163.1,162.9,163.0,12.7,14.1
9/18/2020,162.4,162.5,162.3,162.4,12.3,16.1
9/19/2020,,,,,9.8,10.4
9/20/2020,,,,,5.5,6.8
9/21/2020,153.8,153.9,153.7,153.8,9.4,14.6
9/22/2020,157.4,157.5,157.4,157.4,12.3,14.0
9/23/2020,158.1,158.2,158.0,158.1,11.9,14.1
9/24/2020,157.9,158.0,157.8,157.9,14.9,14.5
9/25/2020,161.7,161.8,161.7,161.7,11.6,15.4
9/26/2020,,,,,4.8,6.5
9/27/2020,,,,,5.8,6.7
9/28/2020,162.4,162.5,162.3,162.4,10.1,9.9
9/29/2020,172.8,172.8,172.7,172.8,13.5,15.6
9/30/2020,166.5,166.6,166.4,166.5,17.6,15.4
10/1/2020,175.2,175.3,175.1,175.2,14.7,15.0
10/2/2020,160.4,160.5,160.3,160.4,13.9,16.6
10/3/2020,,,,,5.8,6.2
10/4/2020,,,,,5.1,5.7
10/5/2020,165.8,165.8,165.7,165.8,11.7,12.8
10/6/2020,167.0,167.1,166.9,167.0,16.1,14.6
10/7/2020,154.6,154.7,154.6,154.6,11.1,14.6
10/8/2020,161.9,161.9,161.8,161.9,16.5,15.1
10/9/2020,170.6,170.7,170.6,170.6,11.3,12.7
10/10/2020,,,,,5.8,4.9
10/11/2020,,,,,4.9,5.7
10/12/2020,162.6,162.6,162.5,162.6,9.4,10.8
10/13/2020,153.5,153.5,153.4,153.5,11.4,15.7
10/14/2020,156.4,156.5,156.4,156.4,12.6,15.1
10/15/2020,162.1,162.2,162.1,162.1,14.0,15.1
10/16/2020,171.0,171.1,170.9,171.0,13.5,14.2
10/17/2020,,,,,4.6,4.2
10/18/2020,,,,,3.9,5.2
10/19/2020,166.7,166.7,166.6,166.7,8.8,11.7
10/20/2020,171.9,172.0,171.8,171.9,12.5,10.7
10/21/2020,166.3,166.4,166.3,166.3,11.2,12.0
10/22/2020,160.6,160.7,160.6,160.6,15.4,16.3
10/23/2020,164.5,164.6,164.5,164.5,12.5,14.5
10/24/2020,,,,,5.1,4.1
10/25/2020,,,,,4.3,6.3
10/26/2020,161.8,161.9,161.8,161.8,9.3,10.3
10/27/2020,153.3,153.3,153.2,153.3,12.5,14.7
10/28/2020,151.0,151.1,150.8,151.0,12.1,13.3
10/29/2020,150.2,150.3,150.1,150.2,13.6,13.2
10/30/2020,142.0,142.1,141.9,142.0,13.8,15.9
10/31/2020,,,,,7.7,5.5
11/1/2020,,,,,7.2,6.4
11/2/2020,147.1,147.2,147.0,147.1,11.9,12.2
11/3/2020,142.4,142.5,142.3,142.4,12.7,12.2
11/4/2020,151.6,151.7,151.5,151.6,11.4,18.5
11/5/2020,158.3,158.3,158.2,158.3,14.1,15.5
11/6/2020,161.3,161.4,161.3,161.3,10.3,13.7
11/7/2020,,,,,5.4,8.5
11/8/2020,,,,,4.7,7.3
11/9/2020,174.1,174.3,174.0,174.2,7.9,9.5
11/10/2020,159.7,159.8,159.6,159.7,9.3,17.9
11/11/2020,167.3,167.4,167.2,167.3,12.3,18.4
11/12/2020,167.3,167.3,167.2,167.3,11.2,16.5
11/13/2020,168.6,168.6,168.5,168.6,12.6,15.8
11/14/2020,,,,,4.7,4.5
11/15/2020,,,,,3.4,5.9
11/16/2020,166.5,166.6,166.4,166.5,9.7,10.2
11/17/2020,171.7,171.8,171.6,171.7,10.7,13.2
11/18/2020,166.4,166.5,166.4,166.4,12.2,11.6
11/19/2020,165.9,166.0,165.9,165.9,14.5,11.8
11/20/2020,174.3,174.3,174.2,174.3,11.3,16.8
11/21/2020,,,,,3.8,4.2
11/22/2020,,,,,3.4,5.6
11/23/2020,168.4,168.5,168.3,168.4,8.2,10.5
11/24/2020,165.0,165.0,164.9,165.0,10.9,13.0
11/25/2020,175.3,175.4,175.3,175.3,14.7,19.5
11/26/2020,,,,,6.6,8.1
11/27/2020,179.0,179.1,179.0,179.0,6.6,7.7
11/28/2020,,,,,4.6,4.6
11/29/2020,,,,,2.9,5.2
11/30/2020,172.7,172.8,172.7,172.7,4.9,5.8
12/1/2020,172.3,172.4,172.2,172.3,7.2,13.4
12/2/2020,175.3,175.4,175.3,175.3,8.9,13.1
12/3/2020,175.0,175.1,175.0,175.0,11.7,17.6
12/4/2020,175.5,175.6,175.4,175.5,10.7,15.3
12/5/2020,,,,,4.5,6.2
12/6/2020,,,,,3.0,4.5
12/7/2020,184.7,184.8,184.7,184.7,8.5,8.1
12/8/2020,179.0,179.1,179.0,179.0,10.4,12.0
12/9/2020,180.0,180.1,179.9,180.0,10.7,13.0
12/10/2020,175.9,175.9,175.8,175.9,10.9,12.7
12/11/2020,178.5,178.5,178.4,178.5,11.1,13.6
12/12/2020,,,,,6.6,6.1
12/13/2020,,,,,3.9,5.8
12/14/2020,178.3,178.3,178.2,178.3,10.4,9.3
12/15/2020,177.1,177.1,177.0,177.1,10.7,13.5
12/16/2020,178.9,179.0,178.9,178.9,12.0,12.5
12/17/2020,184.7,184.7,184.6,184.7,11.8,11.2
12/18/2020,168.5,168.6,168.4,168.5,10.2,15.1
12/19/2020,,,,,4.2,4.6
12/20/2020,,,,,2.6,5.4
12/21/2020,165.5,165.6,165.4,165.5,11.8,10.9
12/22/2020,174.5,174.5,174.4,174.5,9.7,11.5
12/23/2020,179.1,179.2,179.1,179.1,12.5,14.6
12/24/2020,184.0,184.1,183.9,184.0,8.8,13.7
12/25/2020,,,,,4.3,6.1
12/26/2020,,,,,2.9,2.5
12/27/2020,,,,,2.5,4.7
12/28/2020,179.2,179.3,179.2,179.3,7.5,8.6
12/29/2020,191.3,191.4,191.3,191.3,8.1,8.8
12/30/2020,192.2,192.3,192.1,192.2,7.4,13.8
12/31/2020,193.3,193.4,193.2,193.3,5.4,8.2
1/1/2021,,,,,5.5,6.8
1/2/2021,,,,,3.4,3.4
1/3/2021,,,,,2.7,5.2
1/4/2021,184.1,184.2,184.0,184.1,7.1,7.4
1/5/2021,187.2,187.3,187.2,187.2,8.1,11.6
1/6/2021,175.4,175.5,175.3,175.4,10.9,11.8
1/7/2021,177.6,177.7,177.5,177.6,14.1,13.0
1/8/2021,185.5,185.5,185.4,185.5,14.1,10.6
1/9/2021,,,,,10.1,6.8
1/10/2021,,,,,3.9,4.2
1/11/2021,188.3,188.3,188.2,188.3,9.1,9.5
1/12/2021,178.9,179.0,178.8,178.9,13.1,14.2
1/13/2021,188.9,189.0,188.8,188.9,14.3,9.6
1/14/2021,180.1,180.2,180.0,180.1,13.4,14.1
1/15/2021,163.2,163.3,163.1,163.2,13.0,14.7
1/16/2021,,,,,6.5,5.4
1/17/2021,,,,,5.5,4.7
1/18/2021,,,,,9.4,6.8
1/19/2021,172.3,172.4,172.3,172.3,12.5,9.6
1/20/2021,181.7,181.8,181.6,181.7,10.5,14.9
1/21/2021,172.2,172.3,172.1,172.2,10.8,12.9
1/22/2021,171.2,171.2,171.1,171.2,13.1,13.2
1/23/2021,,,,,6.2,6.6
1/24/2021,,,,,4.1,4.5
1/25/2021,171.1,171.2,171.0,171.1,9.2,11.0
1/26/2021,175.3,175.4,175.2,175.3,11.3,16.4
1/27/2021,160.5,160.6,160.4,160.5,5.9,7.6
1/28/2021,175.4,175.5,175.3,175.4,14.2,13.2
1/29/2021,162.6,162.7,162.5,162.6,11.6,13.3
1/30/2021,,,,,6.0,6.1
1/31/2021,,,,,4.1,4.9
2/1/2021,167.6,167.7,167.6,167.6,8.7,8.3
2/2/2021,174.1,174.2,174.0,174.1,10.5,11.8
2/3/2021,176.8,176.8,176.7,176.8,12.2,13.0
2/4/2021,182.0,182.1,182.0,182.0,15.8,11.5
2/5/2021,182.0,182.1,182.0,182.1,12.3,15.4
2/6/2021,,,,,7.0,5.0
2/7/2021,,,,,6.5,6.2
2/8/2021,178.7,178.8,178.6,178.7,9.0,13.7
2/9/2021,180.0,180.1,180.0,180.0,12.6,13.7
2/10/2021,189.1,189.2,189.0,189.1,14.0,15.0
2/11/2021,200.2,200.3,200.1,200.2,13.2,16.1
2/12/2021,188.2,188.2,188.1,188.2,12.9,14.2
2/13/2021,,,,,7.3,6.5
2/14/2021,,,,,6.4,5.1
2/15/2021,,,,,6.8,6.8
2/16/2021,179.3,179.3,179.2,179.3,11.1,10.8
2/17/2021,184.2,184.3,184.1,184.2,11.9,11.9
2/18/2021,184.2,184.3,184.2,184.2,16.3,18.1
2/19/2021,177.7,177.8,177.7,177.7,12.9,16.5
2/20/2021,,,,,6.5,4.9
2/21/2021,,,,,5.6,5.7
2/22/2021,179.4,179.5,179.3,179.4,10.5,9.2
2/23/2021,187.0,187.2,186.9,187.1,17.3,12.1
2/24/2021,193.8,194.0,193.7,193.9,13.4,14.8
2/25/2021,190.9,191.1,190.8,190.9,14.0,14.1
2/26/2021,183.7,183.8,183.5,183.6,14.6,16.6
2/27/2021,,,,,6.8,5.5
2/28/2021,,,,,5.3,4.3
3/1/2021,190.1,190.2,190.0,190.1,9.5,12.1
3/2/2021,191.6,191.7,191.5,191.6,11.7,12.3
3/3/2021,193.4,193.5,193.3,193.4,9.8,11.3
3/4/2021,184.9,185.1,184.8,184.9,12.2,15.1
3/5/2021,190.5,190.6,190.3,190.5,15.0,15.5
3/6/2021,,,,,6.1,5.3
3/7/2021,,,,,5.2,5.4
3/8/2021,199.2,199.4,199.1,199.2,9.2,10.2
3/9/2021,198.3,198.4,198.2,198.3,12.1,11.1
3/10/2021,204.7,204.8,204.6,204.7,14.5,14.9
3/11/2021,210.5,210.6,210.4,210.5,14.3,18.0
3/12/2021,202.0,202.1,201.9,202.0,9.7,15.5
3/13/2021,,,,,4.9,4.2
3/14/2021,,,,,4.6,8.0
3/15/2021,206.9,207.0,206.8,206.9,12.3,13.3
3/16/2021,209.1,209.2,209.0,209.1,11.4,12.8
3/17/2021,205.4,205.5,205.3,205.4,14.0,14.0
3/18/2021,196.7,196.8,196.6,196.7,19.0,13.9
3/19/2021,201.9,202.1,201.7,201.9,13.4,15.0
3/20/2021,,,,,6.2,6.6
3/21/2021,,,,,4.9,5.2
3/22/2021,200.9,201.0,200.8,200.9,10.6,11.2
3/23/2021,192.4,192.5,192.3,192.4,12.8,12.5
3/24/2021,194.5,194.6,194.4,194.5,13.0,15.0
3/25/2021,190.0,190.1,189.9,190.0,16.5,16.9
3/26/2021,196.5,196.6,196.5,196.5,12.9,11.1
3/27/2021,,,,,6.1,6.2
3/28/2021,,,,,4.0,5.0
3/29/2021,193.9,194.0,193.8,193.9,7.6,10.3
3/30/2021,197.9,198.0,197.9,197.9,10.3,12.4
3/31/2021,197.5,197.6,197.5,197.5,12.8,14.8
4/1/2021,198.9,199.0,198.8,198.9,12.4,17.4
4/2/2021,,,,,10.7,12.9
4/3/2021,,,,,5.6,3.8
4/4/2021,,,,,4.8,4.3
4/5/2021,197.5,197.6,197.5,197.5,7.3,10.0
4/6/2021,203.1,203.2,203.0,203.1,14.6,15.8
4/7/2021,207.8,207.9,207.8,207.8,12.2,12.4
4/8/2021,210.3,210.4,210.2,210.3,16.2,11.3
4/9/2021,201.9,202.0,201.9,201.9,13.9,15.9
4/10/2021,,,,,5.6,6.2
4/11/2021,,,,,3.8,5.6
4/12/2021,211.0,211.1,210.9,211.0,10.2,13.5
4/13/2021,207.0,207.0,206.9,207.0,15.6,12.0
4/14/2021,196.3,196.4,196.3,196.3,14.4,15.6
4/15/2021,193.3,193.3,193.2,193.3,15.7,16.4
4/16/2021,206.6,206.7,206.6,206.6,12.9,12.9
4/17/2021,,,,,7.3,3.9
4/18/2021,,,,,5.2,4.8
4/19/2021,209.6,209.7,209.5,209.6,14.4,12.1
4/20/2021,196.7,196.7,196.6,196.7,14.9,15.9
4/21/2021,208.5,208.6,208.5,208.5,14.9,15.2
4/22/2021,205.0,205.0,204.9,205.0,11.5,14.5
4/23/2021,215.8,215.8,215.7,215.8,12.0,15.4
4/24/2021,,,,,6.1,7.4
4/25/2021,,,,,4.8,5.6
4/26/2021,212.8,212.9,212.7,212.8,10.1,12.0
4/27/2021,217.0,217.1,217.0,217.0,9.2,12.2
4/28/2021,223.1,223.2,223.0,223.1,9.8,12.3
4/29/2021,221.6,221.7,221.5,221.6,11.4,18.5
4/30/2021,207.5,207.6,207.4,207.5,10.3,11.5
5/1/2021,,,,,5.2,6.4
5/2/2021,,,,,4.4,5.5
5/3/2021,206.5,206.6,206.5,206.5,7.6,9.4
5/4/2021,203.9,204.0,203.8,203.9,11.5,15.5
5/5/2021,206.1,206.2,206.1,206.1,10.5,13.4
5/6/2021,205.8,205.8,205.7,205.8,12.2,13.3
5/7/2021,204.2,204.2,204.1,204.2,10.9,14.3
5/8/2021,,,,,5.8,5.2
5/9/2021,,,,,6.0,4.7
5/10/2021,204.0,204.1,203.9,204.0,9.3,11.3
5/11/2021,198.6,198.7,198.5,198.6,11.2,12.2
5/12/2021,194.9,195.0,194.8,194.9,13.3,13.9
5/13/2021,200.8,200.8,200.7,200.8,17.1,14.1
5/14/2021,203.9,203.9,203.8,203.9,10.9,14.6
5/15/2021,,,,,5.1,5.4
5/16/2021,,,,,4.0,4.6
5/17/2021,203.3,203.3,203.2,203.3,10.4,10.0
5/18/2021,205.1,205.2,205.0,205.1,15.3,13.1
5/19/2021,196.6,196.7,196.5,196.6,12.5,13.5
5/20/2021,207.1,207.1,207.0,207.1,14.8,15.2
5/21/2021,208.5,208.5,208.4,208.5,14.5,16.5
5/22/2021,,,,,5.3,4.9
5/23/2021,,,,,4.5,6.3
5/24/2021,210.6,210.7,210.6,210.6,12.3,9.8
5/25/2021,211.2,211.2,211.1,211.2,10.5,12.1
5/26/2021,205.0,205.1,205.0,205.0,11.4,11.9
5/27/2021,207.2,207.3,207.2,207.2,11.1,15.6
5/28/2021,207.9,208.0,207.9,207.9,10.9,16.5
5/29/2021,,,,,5.8,5.4
5/30/2021,,,,,5.2,5.4
5/31/2021,,,,,4.8,4.9
6/1/2021,203.1,203.2,203.1,203.1,10.1,11.5
6/2/2021,213.3,213.3,213.2,213.3,9.5,12.6
6/3/2021,209.6,209.7,209.5,209.6,10.4,11.6
6/4/2021,204.2,204.3,204.2,204.2,12.1,14.8
6/5/2021,,,,,3.8,6.8
6/6/2021,,,,,5.1,5.2
6/7/2021,210.8,210.8,210.7,210.8,8.5,10.1
6/8/2021,207.7,207.7,207.6,207.7,11.8,11.2
6/9/2021,201.8,201.8,201.7,201.8,13.3,14.2
6/10/2021,199.5,199.5,199.4,199.5,13.7,16.3
6/11/2021,207.0,207.1,207.0,207.0,11.2,15.3
6/12/2021,,,,,4.0,5.7
6/13/2021,,,,,4.6,5.5
6/14/2021,203.5,203.6,203.5,203.5,10.5,10.4
6/15/2021,197.6,197.7,197.6,197.6,9.8,17.1
6/16/2021,186.7,186.8,186.6,186.7,12.9,14.6
6/17/2021,181.7,181.8,181.7,181.7,13.0,15.0
6/18/2021,181.0,181.1,180.9,181.0,9.0,13.4
6/19/2021,,,,,5.6,5.1
6/20/2021,,,,,4.4,5.9
6/21/2021,191.1,191.2,191.0,191.1,7.2,8.6
6/22/2021,198.2,198.2,198.1,198.2,11.1,9.7
6/23/2021,200.5,200.6,200.5,200.5,12.9,15.1
6/24/2021,187.8,187.9,187.8,187.8,17.1,13.7
6/25/2021,195.8,195.9,195.8,195.8,10.6,64.1
6/26/2021,,,,,4.2,4.5
6/27/2021,,,,,3.9,4.5
6/28/2021,188.3,188.4,188.2,188.3,9.7,10.3
6/29/2021,190.2,190.3,190.2,190.2,11.2,12.5
6/30/2021,193.1,193.2,193.1,193.1,9.7,11.0
7/1/2021,199.9,199.9,199.8,199.9,10.9,14.2
7/2/2021,201.5,201.5,201.5,201.5,11.2,15.2
7/3/2021,,,,,4.9,4.7
7/4/2021,,,,,4.0,4.1
7/5/2021,,,,,5.6,5.4
7/6/2021,197.2,197.2,197.1,197.2,9.8,9.8
7/7/2021,196.1,196.1,196.0,196.1,11.3,13.3
7/8/2021,189.3,189.3,189.2,189.3,13.7,12.4
7/9/2021,190.1,190.2,190.1,190.1,11.4,15.1
7/10/2021,,,,,4.4,5.4
7/11/2021,,,,,7.5,6.5
7/12/2021,184.8,184.8,184.7,184.8,12.7,12.1
7/13/2021,190.4,190.5,190.4,190.4,11.7,13.4
7/14/2021,199.2,199.2,199.1,199.2,10.8,11.8
7/15/2021,207.9,208.0,207.8,207.9,12.4,12.5
7/16/2021,203.1,203.2,203.1,203.1,11.8,15.9
7/17/2021,,,,,4.6,5.1
7/18/2021,,,,,5.0,5.1
7/19/2021,192.3,192.4,192.2,192.3,9.7,10.1
7/20/2021,201.3,201.4,201.3,201.3,12.1,14.4
7/21/2021,205.5,205.5,205.4,205.5,12.0,12.3
7/22/2021,205.7,205.7,205.6,205.7,13.9,15.1
7/23/2021,212.3,212.4,212.2,212.3,12.6,14.2
7/24/2021,,,,,4.7,5.8
7/25/2021,,,,,3.7,7.9
7/26/2021,213.6,213.6,213.5,213.6,7.8,12.1
7/27/2021,217.5,217.6,217.4,217.5,11.7,15.4
7/28/2021,213.7,213.8,213.6,213.7,11.3,17.0
7/29/2021,217.9,218.0,217.8,217.9,13.9,20.8
7/30/2021,210.2,210.3,210.1,210.2,12.5,14.5
7/31/2021,,,,,5.7,5.7
8/1/2021,,,,,5.5,5.5
8/2/2021,209.1,209.2,209.0,209.1,11.4,10.8
8/3/2021,204.1,204.2,204.0,204.0,16.1,17.1
8/4/2021,201.8,201.9,201.7,201.8,13.5,15.5
8/5/2021,206.8,206.8,206.7,206.8,14.7,15.3
8/6/2021,201.5,201.6,201.5,201.5,14.0,19.6
8/7/2021,,,,,4.2,8.1
8/8/2021,,,,,4.8,5.5
8/9/2021,204.8,204.9,204.8,204.8,9.8,9.9
8/10/2021,206.7,206.7,206.6,206.7,12.5,13.8
8/11/2021,203.6,203.7,203.6,203.6,10.7,12.4
8/12/2021,200.1,200.2,200.1,200.1,12.2,15.2
8/13/2021,205.9,206.0,205.9,205.9,11.4,13.3
8/14/2021,,,,,3.3,3.2
8/15/2021,,,,,5.4,4.7
8/16/2021,202.9,202.9,202.8,202.9,8.8,7.8
8/17/2021,206.5,206.6,206.4,206.5,9.5,11.1
8/18/2021,205.7,205.8,205.6,205.7,11.3,11.6
8/19/2021,196.3,196.4,196.2,196.3,10.4,12.5
8/20/2021,200.5,200.5,200.4,200.5,10.0,14.5
8/21/2021,,,,,6.4,5.4
8/22/2021,,,,,5.3,4.9
8/23/2021,205.8,205.9,205.8,205.8,8.3,10.0
8/24/2021,204.6,204.6,204.5,204.6,12.9,12.1
8/25/2021,199.2,199.3,199.2,199.2,11.0,9.8
8/26/2021,199.7,199.8,199.6,199.7,11.9,9.7
8/27/2021,203.1,203.2,203.1,203.1,16.6,16.3
8/28/2021,,,,,4.5,4.8
8/29/2021,,,,,5.8,5.3
8/30/2021,206.1,206.2,206.1,206.1,10.7,10.1
8/31/2021,202.9,203.0,202.8,202.9,12.2,11.6
9/1/2021,202.4,202.4,202.3,202.4,10.8,11.1
9/2/2021,203.4,203.5,203.3,203.4,12.2,15.3
9/3/2021,199.8,199.9,199.8,199.8,12.8,13.6
9/4/2021,,,,,5.0,4.2
9/5/2021,,,,,5.1,5.3
9/6/2021,,,,,7.6,5.3
9/7/2021,202.9,203.0,202.8,202.9,9.7,11.2
9/8/2021,198.0,198.1,197.9,198.0,14.6,14.5
9/9/2021,199.8,199.9,199.8,199.8,12.3,15.4
9/10/2021,199.2,199.2,199.1,199.2,16.1,14.1
9/11/2021,,,,,7.6,7.3
9/12/2021,,,,,6.6,8.0
9/13/2021,191.7,191.8,191.6,191.7,12.2,10.7
9/14/2021,193.9,193.9,193.8,193.9,11.7,15.8
9/15/2021,193.7,193.8,193.6,193.7,11.5,13.7
9/16/2021,194.0,194.1,194.0,194.0,13.4,15.7
9/17/2021,189.0,189.1,188.9,189.0,11.2,16.5
9/18/2021,,,,,4.1,3.6
9/19/2021,,,,,4.0,4.9
9/20/2021,176.7,176.8,176.6,176.7,9.3,15.1
9/21/2021,182.6,182.7,182.5,182.6,12.2,14.1
9/22/2021,186.4,186.4,186.3,186.4,14.1,21.7
9/23/2021,195.4,195.5,195.3,195.4,10.1,11.7
9/24/2021,202.5,202.6,202.5,202.5,14.2,19.9
9/25/2021,,,,,3.5,4.5
9/26/2021,,,,,4.2,6.9
9/27/2021,196.9,197.0,196.9,196.9,9.0,13.1
9/28/2021,194.3,194.4,194.2,194.3,11.5,12.0
9/29/2021,199.0,199.0,198.9,199.0,11.7,14.0
9/30/2021,197.5,197.6,197.4,197.5,7.5,10.5
10/1/2021,201.8,201.9,201.8,201.9,12.4,14.7
10/2/2021,,,,,3.4,4.7
10/3/2021,,,,,5.0,5.4
10/4/2021,197.8,197.9,197.6,197.8,10.3,12.3
10/5/2021,197.2,197.2,197.1,197.2,13.4,12.0
10/6/2021,190.2,190.3,190.1,190.2,10.3,11.8
10/7/2021,195.1,195.2,195.0,195.1,11.0,21.5
10/8/2021,201.5,201.6,201.5,201.5,11.9,16.2
10/9/2021,,,,,7.6,4.4
10/10/2021,,,,,4.6,5.2
10/11/2021,198.6,198.6,198.5,198.6,7.7,11.5
10/12/2021,191.5,191.6,191.4,191.5,12.9,12.3
10/13/2021,186.8,186.9,186.7,186.8,10.2,11.6
10/14/2021,181.6,181.7,181.6,181.6,12.3,12.4
10/15/2021,194.0,194.1,194.0,194.1,12.8,10.3
10/16/2021,,,,,5.1,5.3
10/17/2021,,,,,5.6,4.8
10/18/2021,197.4,197.5,197.4,197.4,8.9,9.8
10/19/2021,196.1,196.2,196.1,196.1,11.8,12.8
10/20/2021,199.1,199.1,199.0,199.1,12.0,14.3
10/21/2021,194.2,194.3,194.2,194.2,12.9,20.1
10/22/2021,200.2,200.3,200.1,200.2,10.5,13.8
10/23/2021,,,,,7.1,3.4
10/24/2021,,,,,4.8,5.2
10/25/2021,203.1,203.1,203.0,203.1,9.2,9.3
10/26/2021,208.6,208.7,208.5,208.6,12.2,12.1
10/27/2021,194.3,194.4,194.2,194.3,9.1,13.2
10/28/2021,200.2,200.4,200.1,200.2,14.5,13.3
10/29/2021,187.2,187.2,187.1,187.2,12.2,14.3
10/30/2021,,,,,6.5,7.2
10/31/2021,,,,,4.3,4.5
11/1/2021,191.0,191.1,190.9,191.0,11.4,13.4
11/2/2021,185.8,185.8,185.7,185.8,11.6,13.9
11/3/2021,182.9,183.0,182.8,182.9,13.3,17.9
11/4/2021,181.8,181.9,181.7,181.8,10.2,14.1
11/5/2021,182.1,182.1,182.0,182.1,11.1,14.2
11/6/2021,,,,,5.5,6.9
11/7/2021,,,,,3.5,5.4
11/8/2021,191.0,191.1,190.9,191.0,7.1,11.9
11/9/2021,188.7,188.8,188.6,188.7,10.5,11.8
11/10/2021,204.7,204.8,204.6,204.7,12.8,11.7
11/11/2021,196.6,196.7,196.5,196.6,10.9,12.1
11/12/2021,202.8,202.9,202.7,202.8,11.2,16.4
11/13/2021,,,,,4.5,5.6
11/14/2021,,,,,4.6,5.0
11/15/2021,200.8,200.9,200.7,200.8,8.3,9.7
11/16/2021,194.4,194.5,194.4,194.5,8.4,11.4
11/17/2021,207.0,207.2,206.8,207.0,14.4,13.0
11/18/2021,197.0,197.1,196.9,196.9,12.0,15.3
11/19/2021,186.2,186.2,186.1,186.1,10.7,15.2
11/20/2021,,,,,7.0,4.9
11/21/2021,,,,,5.1,5.8
11/22/2021,182.5,182.6,182.3,182.4,9.7,10.4
11/23/2021,182.2,182.3,182.1,182.2,12.3,16.0
11/24/2021,190.0,190.1,189.9,190.0,11.1,16.0
11/25/2021,,,,,6.9,7.8
11/26/2021,171.4,171.5,171.2,171.3,4.7,8.7
11/27/2021,,,,,4.8,4.9
11/28/2021,,,,,4.6,4.8
11/29/2021,177.7,177.8,177.6,177.7,11.1,11.4
11/30/2021,172.1,172.2,172.0,172.1,6.8,12.1
12/1/2021,174.3,174.4,174.2,174.3,13.3,11.8
12/2/2021,176.8,176.9,176.6,176.8,15.9,15.1
12/3/2021,176.9,177.0,176.8,176.9,13.3,16.2
12/4/2021,,,,,5.2,4.4
12/5/2021,,,,,5.1,5.2
12/6/2021,176.0,176.1,175.9,176.0,8.8,12.4
12/7/2021,179.7,179.8,179.6,179.7,10.4,14.0
12/8/2021,174.7,174.7,174.6,174.7,12.4,11.9
12/9/2021,180.9,181.0,180.8,180.9,12.9,16.9
12/10/2021,184.8,184.9,184.8,184.8,8.5,12.4
12/11/2021,,,,,5.6,5.0
12/12/2021,,,,,4.4,4.8
12/13/2021,183.3,183.3,183.2,183.3,10.2,10.9
12/14/2021,186.6,186.6,186.5,186.6,9.7,14.3
12/15/2021,182.8,182.9,182.8,182.9,13.8,13.8
12/16/2021,183.7,183.8,183.6,183.7,11.4,13.4
12/17/2021,182.4,182.5,182.3,182.4,9.3,12.8
12/18/2021,,,,,6.3,6.5
12/19/2021,,,,,4.6,5.4
12/20/2021,178.3,178.4,178.2,178.3,8.3,9.4
12/21/2021,176.4,176.4,176.3,176.4,7.7,9.5
12/22/2021,190.6,190.6,190.5,190.6,10.7,14.1
12/23/2021,195.2,195.2,195.1,195.2,12.1,13.7
12/24/2021,,,,,7.1,9.9
12/25/2021,,,,,3.0,3.2
12/26/2021,,,,,4.4,5.4
12/27/2021,195.2,195.3,195.2,195.2,3.7,7.9
12/28/2021,196.4,196.5,196.4,196.4,9.2,7.8
12/29/2021,195.5,195.6,195.5,195.5,9.8,9.8
12/30/2021,197.9,198.0,197.9,197.9,8.0,8.4
12/31/2021,197.6,197.7,197.6,197.6,6.1,9.0
1/1/2022,,,,,3.6,5.3
1/2/2022,,,,,3.3,3.8
1/3/2022,193.4,193.4,193.3,193.4,7.7,9.5
1/4/2022,193.3,193.4,193.2,193.3,11.8,9.3
1/5/2022,194.9,195.0,194.8,194.9,11.3,10.8
1/6/2022,193.0,193.1,192.9,193.0,9.4,8.8
1/7/2022,195.0,195.1,194.9,195.0,12.1,15.1
1/8/2022,,,,,5.3,5.1
1/9/2022,,,,,4.4,4.3
1/10/2022,184.4,184.5,184.3,184.4,9.8,10.5
1/11/2022,184.5,184.6,184.5,184.5,11.2,11.0
1/12/2022,188.9,189.0,188.8,188.9,7.3,11.7
1/13/2022,190.9,191.0,190.9,190.9,11.0,13.8
1/14/2022,182.8,182.9,182.7,182.8,11.2,14.8
1/15/2022,,,,,6.5,4.5
1/16/2022,,,,,5.4,5.4
1/17/2022,,,,,7.0,5.6
1/18/2022,188.8,188.9,188.7,188.8,9.3,13.3
1/19/2022,188.8,188.9,188.7,188.8,12.6,13.1
1/20/2022,193.0,193.1,192.9,193.0,9.8,12.9
1/21/2022,188.9,189.0,188.8,188.9,13.1,13.9
1/22/2022,,,,,3.8,3.6
1/23/2022,,,,,6.4,5.4
1/24/2022,179.3,179.5,179.1,179.3,9.0,10.1
1/25/2022,183.4,183.5,183.2,183.4,12.5,13.8
1/26/2022,186.2,186.4,186.0,186.2,10.0,11.3
1/27/2022,200.0,200.2,199.8,200.0,10.5,15.3
1/28/2022,206.9,207.1,206.8,206.9,12.7,14.6
1/29/2022,,,,,5.8,4.1
1/30/2022,,,,,2.9,4.1
1/31/2022,207.8,207.9,207.7,207.8,8.0,9.7
2/1/2022,212.8,213.0,212.7,212.8,10.6,14.7
2/2/2022,211.2,211.3,211.1,211.2,10.9,15.7
2/3/2022,208.6,208.7,208.5,208.6,11.8,14.7
2/4/2022,199.6,199.7,199.5,199.6,14.8,15.6
2/5/2022,,,,,6.0,7.0
2/6/2022,,,,,4.8,5.8
2/7/2022,207.3,207.4,207.2,207.3,8.7,10.6
2/8/2022,198.0,198.1,197.9,198.0,14.0,14.2
2/9/2022,209.5,209.6,209.4,209.5,10.3,12.8
2/10/2022,205.6,205.7,205.5,205.6,15.6,19.8
2/11/2022,201.4,201.5,201.3,201.4,9.8,19.1
2/12/2022,,,,,5.8,7.7
2/13/2022,,,,,5.2,7.8
2/14/2022,205.6,205.7,205.4,205.6,9.9,14.3
2/15/2022,208.2,208.3,208.1,208.2,9.3,14.3
2/16/2022,209.7,209.8,209.6,209.7,12.1,16.6
2/17/2022,207.9,208.0,207.8,207.9,12.1,13.9
2/18/2022,207.4,207.5,207.3,207.4,13.9,15.2
2/19/2022,,,,,6.1,7.4
2/20/2022,,,,,4.7,6.0
2/21/2022,,,,,7.6,6.3
2/22/2022,195.0,195.1,194.9,195.0,9.5,12.3
2/23/2022,199.5,199.6,199.4,199.5,11.7,10.7
2/24/2022,180.7,180.9,180.5,180.7,15.8,15.5
2/25/2022,190.3,190.4,190.1,190.3,14.7,18.1
2/26/2022,,,,,6.9,6.6
2/27/2022,,,,,7.3,4.8
2/28/2022,179.5,179.7,179.4,179.5,8.2,8.9
3/1/2022,180.2,180.3,180.1,180.2,16.4,13.7
3/2/2022,175.9,176.0,175.8,175.9,12.6,15.2
3/3/2022,177.5,177.6,177.4,177.5,13.3,16.5
3/4/2022,171.2,171.3,171.1,171.2,12.8,14.5
3/5/2022,,,,,6.0,5.8
3/6/2022,,,,,6.9,4.3
3/7/2022,159.4,159.5,159.3,159.4,9.5,9.5
3/8/2022,167.7,167.9,167.5,167.7,10.9,11.2
3/9/2022,172.3,172.4,172.1,172.3,12.0,10.3
3/10/2022,169.3,169.4,169.2,169.3,13.3,11.8
3/11/2022,173.4,173.5,173.3,173.4,15.6,16.9
3/12/2022,,,,,6.2,6.0
3/13/2022,,,,,7.1,7.6
3/14/2022,178.5,178.6,178.4,178.5,10.6,10.0
3/15/2022,184.6,184.7,184.5,184.6,11.4,11.1
3/16/2022,184.8,184.9,184.7,184.8,14.0,9.3
3/17/2022,185.5,185.5,185.4,185.5,13.1,12.6
3/18/2022,189.1,189.2,189.0,189.1,13.0,13.2
3/19/2022,,,,,5.7,3.3
3/20/2022,,,,,4.0,5.0
3/21/2022,186.6,186.7,186.5,186.6,9.0,11.1
3/22/2022,189.7,189.8,189.6,189.7,12.4,11.4
